Date|Type|Marché|Nombre d'annonces|Notes|Titre|Intitulé|TJM|Séniorité|Technos principales|Technos secondaires|Compétences principales|Compétences secondaires|Secteur|Localisation|Rythme|Entreprise|Contact|Lien|Sophistication du marché|Capitalisation de l'apprentissage|Fiabilité
2025-07-03|Marché|Développeur React|3||||||||||||||||||
2025-07-03|Marché|Développeur Python|8||||||||||||||||||
2025-07-03|Marché|Développeur Front-End|4||||||||||||||||||
2025-07-04|Marché|Développeur Front-End|6||||||||||||||||||
2025-07-04|Marché|Développeur Python|5||||||||||||||||||
2025-07-04|Marché|Intégrateur Web|1||||||||||||||||||
2025-07-04|Marché|Développeur React|2||||||||||||||||||
2025-07-04|Marché|Développeur WordPress|1||||||||||||||||||
2025-07-07|Marché|Développeur WordPress|1||||||||||||||||||
2025-07-07|Marché|Développeur Python|2||||||||||||||||||
2025-07-07|Marché|Développeur Front-End|2||||||||||||||||||
2025-07-08|Marché|Développeur Front-End|7||||||||||||||||||
2025-07-08|Marché|Développeur Python|9||||||||||||||||||
2025-07-08|Marché|Développeur React|2||||||||||||||||||
2025-07-08|Marché|Développeur WordPress|2||||||||||||||||||
2025-07-09|Marché|Développeur Front-End|5||||||||||||||||||
2025-07-09|Marché|Développeur Python|8||||||||||||||||||
2025-07-09|Marché|Développeur React|2||||||||||||||||||