Date,Marché,Nombre d'annonces
2025-04-20,Développeur React,12
2025-04-21,Développeur React,15
2025-04-22,Développeur React,13
2025-04-23,Développeur React,14
2025-04-24,Développeur React,16
2025-04-25,Développeur React,18
2025-04-26,Développeur React,20
2025-04-27,Développeur React,19
2025-04-28,Développeur React,14
2025-04-20,Chef de projet IT,9
2025-04-21,Chef de projet IT,11
2025-04-22,Chef de projet IT,8
2025-04-23,Chef de projet IT,10
2025-04-24,Chef de projet IT,9
2025-04-25,Chef de projet IT,12
2025-04-26,Chef de projet IT,11
2025-04-27,Chef de projet IT,10
2025-04-28,Chef de projet IT,9
2025-04-20,Data Analyst,7
2025-04-21,Data Analyst,8
2025-04-22,Data Analyst,9
2025-04-23,Data Analyst,7
2025-04-24,Data Analyst,6
2025-04-25,Data Analyst,8
2025-04-26,Data Analyst,7
2025-04-27,Data Analyst,9
2025-04-28,Data Analyst,8